{"cameraMode":{"drawMode":0,"name":"Shaded","section":"Shading Mode"},"sceneLighting":false,"audioPlay":false,"sceneViewState":{"m_AlwaysRefresh":false,"showFog":true,"showSkybox":false,"showFlares":true,"showImageEffects":true,"showParticleSystems":true,"showVisualEffectGraphs":true,"m_FxEnabled":true},"in2DMode":false,"pivot":{"x":-0.1249551773071289,"y":7.048691272735596,"z":0.3810100555419922},"rotation":{"x":-0.41274234652519228,"y":0.46492308378219607,"z":-0.26149988174438479,"w":-0.7387546300888062},"size":10.495769500732422,"orthographic":false}