{"cameraMode":{"drawMode":0,"name":"Shaded","section":"Shading Mode"},"sceneLighting":false,"audioPlay":false,"sceneViewState":{"m_AlwaysRefresh":false,"showFog":true,"showSkybox":false,"showFlares":true,"showImageEffects":true,"showParticleSystems":true,"showVisualEffectGraphs":true,"m_FxEnabled":true},"in2DMode":false,"pivot":{"x":0.00670623779296875,"y":0.6544961333274841,"z":-0.00759124755859375},"rotation":{"x":-0.13970737159252168,"y":0.7902485132217407,"z":-0.19590182602405549,"w":-0.5635693073272705},"size":92.71711730957031,"orthographic":false}